Set,Accuracy,Precision,Recall,F-Score,TP,TN,FP,FN,Average pred time(ms)
test_benign.json,0.014014839241549877,0,0,0,0,102,7176,0,139.02192012123442
test_mixed.json,0.6506407829079679,0.8955225637132888,0.6998151435166877,0.7856646885575119,152186,2457,17755,65280,369.6883649968389
