Set,Accuracy,Precision,Recall,F-Score,TP,TN,FP,FN,Average pred time(ms)
val.json,0.9894662921348315,0,0,0,0,1409,15,0,31.14628667632739
test_malicious.json,0.5424234021904893,1.0,0.5424234021904893,0.7033391757673813,7825,0,0,6601,17.310880621274315
test_mixed.json,0.7826958388289756,0.9564970240085602,0.8011146429921723,0.87193751190703,57210,3319,2602,14203,28.745216113417897
