Set,Accuracy,Precision,Recall,F-Score,TP,TN,FP,FN,Average pred time(ms)
test_benign.json,0.008964719491035281,0,0,0,0,62,6854,0,140.6505022730146
test_mixed.json,0.7823727104688287,0.9053785542994176,0.8506893031554358,0.8771823345882843,184996,1240,19334,32470,368.90324679287994
