Set,Accuracy,Precision,Recall,F-Score,TP,TN,FP,FN,Average pred time(ms)
test_benign.json,0.040260065016254065,0,0,0,0,161,3838,0,159.92961759152618
test_mixed.json,0.8627253464865052,0.9102403065949078,0.9428473745690761,0.9262569623914241,99279,69,9790,6018,1334.3496464971286
