Set,Accuracy,Precision,Recall,F-Score,TP,TN,FP,FN,Average pred time(ms)
val.json,0.9894613583138173,0,0,0,0,1690,18,0,34.13522491852442
test_malicious.json,0.016389840935055803,1.0,0.016389840935055803,0.0322510916086637,373,0,0,22385,20.32744904359182
test_mixed.json,0.07738150933889948,0.6423005565862708,0.013423703577327821,0.026297798641812132,1731,9020,964,127220,60.95804855005065
