Set,Accuracy,Precision,Recall,F-Score,TP,TN,FP,FN,Average pred time(ms)
val.json,0.9899683210137276,0,0,0,0,1875,19,0,44.19043983321592
test_malicious.json,0.594926445036488,1.0,0.594926445036488,0.7460236763744644,10272,0,0,6994,22.20511250922652
test_mixed.json,0.8782656061230333,0.9788274153592073,0.8885490689934334,0.931505988118065,118536,7229,2564,14868,86.09888560460664
