Set,Accuracy,Precision,Recall,F-Score,TP,TN,FP,FN,Average pred time(ms)
test_benign.json,0.34444444444444444,1.0,0.34444444444444444,0.512396694214876,217,0,0,413,42.93106563055693
test_malicious.json,0.8837498847182514,1.0,0.8837498847182514,0.9382879244082153,114990,0,0,15126,116.87282904198295
test_mixed.json,0.9807645083588785,1.0,0.9807645083588785,0.9902888548537965,710915,0,0,13943,1282.5685903266235
