Set,Accuracy,Precision,Recall,F-Score,TP,TN,FP,FN,Average pred time(ms)
test_benign.json,0.00044943820224719103,0,0,0,0,2,4448,0,123.98732335943926
test_mixed.json,0.5289265132678602,0.8719666347678289,0.5614578830713767,0.683081019994853,122098,5112,17928,95368,347.56962133913623
