Set,Accuracy,Precision,Recall,F-Score,TP,TN,FP,FN,Average pred time(ms)
test_benign.json,0.048175995544416594,0,0,0,0,173,3418,0,137.28513887950353
test_mixed.json,0.9129299274632978,0.9130366805930739,0.999781244055545,0.9544420685616224,105117,100,10012,23,1433.7111473083496
