Set,Accuracy,Precision,Recall,F-Score,TP,TN,FP,FN,Average pred time(ms)
test_benign.json,0.8118195956454122,0,0,0,0,522,121,0,27.50929355621338
test_malicious.json,0.9965298770656993,1.0,0.9965298770656993,0.9982619228621809,158233,0,0,551,70.53201968993557
test_mixed.json,0.9946906433332224,0.9951489496328872,0.9995344990987308,0.9973369032890288,1075759,548,5244,501,538.4404795354905
