Set,Accuracy,Precision,Recall,F-Score,TP,TN,FP,FN,Average pred time(ms)
val.json,0.989010989010989,0,0,0,0,1620,18,0,34.32320112205414
test_malicious.json,0.43459097320169254,1.0,0.43459097320169254,0.605874400884847,4930,0,0,6414,18.474850673156023
test_mixed.json,0.5906469813337311,0.9422356546909586,0.5942680716826633,0.7288502539533582,44270,3257,2714,30225,41.147481420289836
