Set,Accuracy,Precision,Recall,F-Score,TP,TN,FP,FN,Average pred time(ms)
test_benign.json,0.7349137931034483,0,0,0,0,341,123,0,37.7266762861565
test_malicious.json,0.9987471167089826,1.0,0.9987471167089826,0.999373165679368,120371,0,0,151,83.14627565835652
test_mixed.json,0.9946256180490712,0.9947828637813602,0.9998379360472212,0.9973039942467032,1024121,600,5371,166,536.9087424907055
