Set,Accuracy,Precision,Recall,F-Score,TP,TN,FP,FN,Average pred time(ms)
val.json,0.9892367906066536,0,0,0,0,1011,11,0,21.058657964070637
test_malicious.json,0.635543142731148,1.0,0.635543142731148,0.7771646325022917,21618,0,0,12397,18.497998526926793
test_mixed.json,0.8222548602790554,0.9546611653149871,0.8471402299236667,0.8976925883410307,100880,5491,4791,18203,37.89642252214612
