Set,Accuracy,Precision,Recall,F-Score,TP,TN,FP,FN,Average pred time(ms)
test_benign.json,0.6759443339960238,0,0,0,0,340,163,0,46.510227521260575
test_malicious.json,0.9972399129039183,1.0,0.9972399129039183,0.9986180492998117,97553,0,0,270,99.21134132699869
test_mixed.json,0.9934632646868403,0.9943388193052956,0.9991090950588957,0.9967182496011247,906135,739,5159,808,459.42350796290805
