Set,Accuracy,Precision,Recall,F-Score,TP,TN,FP,FN,Average pred time(ms)
test_benign.json,0.21428571428571427,1.0,0.21428571428571427,0.35294117647058826,144,0,0,528,52.134899298350014
test_malicious.json,0.8151474027661479,1.0,0.8151474027661479,0.8981611096971239,84693,0,0,19206,132.8410008518966
test_mixed.json,0.9549398395930776,1.0,0.9549398395930776,0.9769506153108518,611278,0,0,28844,1092.9856792573005
