Set,Accuracy,Precision,Recall,F-Score,TP,TN,FP,FN,Average pred time(ms)
test_benign.json,0.03837209302325582,0,0,0,0,99,2481,0,126.91745005155863
test_mixed.json,0.9017729469870428,0.9068718329007539,0.9937314385768043,0.948316847221517,102725,69,10549,648,1784.161509299765
