Set,Accuracy,Precision,Recall,F-Score,TP,TN,FP,FN,Average pred time(ms)
val.json,0.9902642559109874,0,0,0,0,712,7,0,17.81208674112956
test_malicious.json,0.6199709161415414,1.0,0.6199709161415414,0.765409934171155,12790,0,0,7840,15.59357439534048
test_mixed.json,0.8851783630253519,0.9539110368425241,0.9191829348709534,0.9362250476398738,59939,3014,2896,5270,21.037734083127884
