Set,Accuracy,Precision,Recall,F-Score,TP,TN,FP,FN,Average pred time(ms)
test_benign.json,0.186558516801854,1.0,0.186558516801854,0.314453125,161,0,0,702,34.22197103500366
test_malicious.json,0.8896236158954918,1.0,0.8896236158954918,0.941588164343405,154178,0,0,19129,134.47453779654566
test_mixed.json,0.9789793026780416,1.0,0.9789793026780416,0.9893780105261777,753817,0,0,16186,1227.7769960769235
